TermID, Name, Frequency, PlotX, PlotY, LogSize, Value, Uniqueness, Dispensability, Representative, Eliminated
"GO:0008152", "metabolic process", 62.693911296527, -5.20805681459176, -6.59928356201643, 7.17991685292328, -25.130768280269, 1, 0, null, False
"GO:0009987", "cellular process", 78.0376878191047, -4.57728934950747, -6.80725305268384, 7.27499587537634, -34.2291479883579, 1, 0, null, False
"GO:0010016", "shoot system morphogenesis", 0.01819993111121, 4.73487574023425, -2.75149642808468, 3.64286005258449, -1.48148606012211, 0.989928790895236, 0, null, False
"GO:0015031", "protein transport", 2.70411286956777, 4.99962848447838, 1.27665727980728, 5.81471693959056, -29.267606240177, 0.833802034864046, 0, null, False
"GO:0017038", "protein import", 0.250332947294276, null, null, 4.78121665907969, -5.48148606012211, 0.867406015976106, 0.72456349, 15031, True
"GO:0008104", "protein localization", 2.97262503327816, null, null, 5.85583219518823, -28.7695510786217, 0.840030027297305, 0.90324686, 15031, True
"GO:0045184", "establishment of protein localization", 2.79305762737031, null, null, 5.82877199963221, -29.267606240177, 0.8345762780886, 0.94908504, 15031, True
"GO:0040007", "growth", 0.115488568098359, 5.35166139860276, -1.4906911438529, 4.44524603508062, -1.60205999132796, 1, 0, null, False
"GO:0042180", "cellular ketone metabolic process", 0.466706223448422, -7.25772244895631, -2.2629940653596, 5.05173890650151, -33.602059991328, 0.751068167283135, 0, null, False
"GO:0051179", "localization", 18.7941114253392, 5.07768065467994, 3.85165584227024, 6.65671335221036, -15.0915149811213, 1, 0, null, False
"GO:0016049", "cell growth", 0.0375225986966148, 2.63259917308115, -2.11882155041004, 3.95703231634694, -2.05551732784983, 0.986651094799194, 0.00821741, null, False
"GO:0007264", "small GTPase mediated signal transduction", 0.256468639981665, -1.63125644553631, -6.41510566856673, 4.7917327433757, -7.61978875828839, 0.944933478448693, 0.00961106, null, False
"GO:0007018", "microtubule-based movement", 0.348462600902316, -5.9249621403486, -6.43477242829655, 4.92485279635564, -1.49485002168009, 0.983743346063406, 0.00987823, null, False
"GO:0006457", "protein folding", 0.912809611154515, 3.71348566598147, 5.98734554980256, 5.3430736344518, -16.0457574905607, 0.982039611932837, 0.01082349, null, False
"GO:0043933", "protein-containing complex subunit organization", 1.6681875395806, 3.12966403543301, -4.59619925328063, 5.60493741063484, -4.24412514432751, 0.927950561176485, 0.01239199, null, False
"GO:0006739", "NADP metabolic process", 0.274266706008016, 4.0700655353249, 5.24398455639438, 4.82087110992072, -3.01322826573376, 0.954800766583927, 0.03092198, null, False
"GO:0046034", "ATP metabolic process", 1.3695437803838, 3.45333062140094, -1.33119380425443, 5.51926869285137, -5.44369749923271, 0.946236352909289, 0.03607078, null, False
"GO:0044106", "cellular amine metabolic process", 0.494269196742954, -7.43163273167117, 4.2753238119052, 5.07665864506939, -31.1426675035687, 0.804659098347182, 0.06023708, null, False
"GO:0009310", "amine catabolic process", 0.12021980445825, null, null, 4.46268244249301, -1.82390874094432, 0.805859242109751, 0.84907999, 44106, True
"GO:0042401", "cellular biogenic amine biosynthetic process", 0.337164806197041, null, null, 4.91053903148969, -1.33724216831843, 0.764249433044374, 0.92866534, 44106, True
"GO:0009309", "amine biosynthetic process", 0.33716894913606, null, null, 4.91054436781887, -13.3872161432803, 0.764709809285788, 0.92866638, 44106, True
"GO:0006576", "cellular biogenic amine metabolic process", 0.46467204039001, null, null, 5.04984187270306, -2.82390874094432, 0.805345296294622, 0.95655285, 44106, True
"GO:0009058", "biosynthetic process", 24.4296768002127, 1.24343291488006, 7.61213518440265, 6.77060925416251, -14.2596373105058, 0.91716402622398, 0.06111662, null, False
"GO:0006091", "generation of precursor metabolites and energy", 3.22936710723509, 1.65144424264934, 6.51027937656641, 5.8918094337341, -24.3098039199715, 0.895066856543165, 0.07356462, null, False
"GO:0045333", "cellular respiration", 1.15619899265266, 3.40714529255694, 3.49772885810895, 5.44572560196629, -10.7447274948967, 0.84010711954401, 0.08148516, null, False
"GO:0015980", "energy derivation by oxidation of organic compounds", 1.37140810294242, null, null, 5.51985948226426, -9.60205999132796, 0.847115795871966, 0.75937483, 45333, True
"GO:0022900", "electron transport chain", 1.67188718412472, null, null, 5.60589950400977, -6.56863623584101, 0.843920402687049, 0.79279376, 45333, True
"GO:0042773", "ATP synthesis coupled electron transport", 0.268624023063907, null, null, 4.81184300617648, -4.92081875395237, 0.843882236048255, 0.81515464, 45333, True
"GO:0006119", "oxidative phosphorylation", 0.398977456363045, null, null, 4.98364432598071, -11.1739251972992, 0.840580251807741, 0.84745303, 45333, True
"GO:0042775", "mitochondrial ATP synthesis coupled electron transport", 0.101887299298426, null, null, 4.39082916870015, -4.58502665202918, 0.855412202301054, 0.85910255, 45333, True
"GO:0022904", "respiratory electron transport chain", 0.469742997749473, null, null, 5.05455560439715, -5.43179827593301, 0.851818127672317, 0.86154284, 45333, True
"GO:0006099", "tricarboxylic acid cycle", 0.528659733541077, null, null, 5.10587109527565, -6.44369749923271, 0.842268406930907, 0.87203478, 45333, True
"GO:0009060", "aerobic respiration", 0.973101802700484, null, null, 5.37085158521795, -7.92081875395237, 0.841252999309426, 0.93055206, 45333, True
"GO:0009056", "catabolic process", 6.08639171306137, 4.62002797886009, 4.64422929320157, 6.16705165435719, -2.18708664335714, 0.934526021612164, 0.08277765, null, False
"GO:0044262", "cellular carbohydrate metabolic process", 1.56166843445875, 1.36730021070724, 1.36534037935985, 5.57628144338703, -18.4948500216801, 0.846429418311024, 0.08471157, null, False
"GO:0006790", "sulfur compound metabolic process", 2.48401094829637, 2.49965465447622, 6.76354421081822, 5.77784568912973, -1.55284196865778, 0.898503932799394, 0.09022718, null, False
"GO:0006629", "lipid metabolic process", 4.38816786559179, 2.51611967763489, 5.71838554913565, 6.02497510193756, -1.82390874094432, 0.89665512027099, 0.0954887, null, False
"GO:0044248", "cellular catabolic process", 4.28902733486307, 1.37621138497284, 4.04108412412026, 6.01505069272942, -18.301029995664, 0.814153307852798, 0.09771439, null, False
"GO:0016052", "carbohydrate catabolic process", 1.41233619751279, null, null, 5.53263082310543, -9.46852108295774, 0.809327116138949, 0.70960648, 44248, True
"GO:0044265", "cellular macromolecule catabolic process", 1.63361057052662, null, null, 5.59584109544805, -13.6777807052661, 0.796966487152081, 0.72382574, 44248, True
"GO:0006511", "ubiquitin-dependent protein catabolic process", 0.722292417419004, null, null, 5.24140700584604, -3.92081875395238, 0.760451915330401, 0.81354343, 44248, True
"GO:0043632", "modification-dependent macromolecule catabolic process", 0.77262084062387, null, null, 5.27066020649122, -3.56863623584101, 0.809630971600822, 0.82648898, 44248, True
"GO:0044257", "cellular protein catabolic process", 0.927119322526725, null, null, 5.34982903232588, -3.49485002168009, 0.758449713598285, 0.9314723, 44248, True
"GO:0051603", "proteolysis involved in cellular protein catabolic process", 0.91906959201248, null, null, 5.34604181425779, -3.56863623584101, 0.755116290252616, 0.96412011, 44248, True
"GO:0019941", "modification-dependent protein catabolic process", 0.762064632003027, null, null, 5.26468562631018, -3.56863623584101, 0.759224180125523, 0.98406685, 44248, True
"GO:0009820", "alkaloid metabolic process", 0.0166504719180407, 0.0736894862815788, -2.29515857540952, 3.60422605308447, -3.1249387366083, 0.907305110852619, 0.10968391, null, False
"GO:0005975", "carbohydrate metabolic process", 5.93663689633546, 0.695348297761054, 7.80008089591685, 6.15623224910857, -5.49485002168009, 0.892272329204735, 0.11691868, null, False
"GO:0034641", "cellular nitrogen compound metabolic process", 26.2084518110319, -2.87973992456073, 5.9183765011167, 6.80113289478836, -43.5528419686578, 0.827418311230238, 0.14329927, null, False
"GO:0009308", "amine metabolic process", 0.586462018736525, -8.60392999163426, 4.35013071382887, 5.15093441808599, -25.6777807052661, 0.874340909147373, 0.14707222, null, False
"GO:0006575", "cellular modified amino acid metabolic process", 1.18135906131608, -7.92638084715915, 4.81778756925161, 5.45507489895714, -2.95860731484178, 0.851803139534808, 0.16045279, null, False
"GO:0044237", "cellular metabolic process", 51.5163612533451, -1.06679716905755, 8.10302392600498, 7.09463667404107, -25.7695510786217, 0.89516779951476, 0.17397911, null, False
"GO:0006414", "translational elongation", 0.481069793027881, -4.96940912802135, 4.03361136949784, 5.0649032870946, -6.82390874094432, 0.753801492789238, 0.18562156, null, False
"GO:0010467", "gene expression", 11.6523971418029, -4.1174439270209, 7.72468702997036, 6.44910689155286, -2.02227639471115, 0.871570406298752, 0.18671761, null, False
"GO:0046578", "regulation of Ras protein signal transduction", 0.100507700605043, -0.67384539542821, -6.74087523408434, 4.38490869783028, -1.88605664769316, 0.955412325091807, 0.20120868, null, False
"GO:0051056", "regulation of small GTPase mediated signal transduction", 0.133961933184834, null, null, 4.50968629617123, -1.88605664769316, 0.956084750271652, 0.78000316, 46578, True
"GO:0009966", "regulation of signal transduction", 0.930657392449096, null, null, 5.35148322385057, -1.36653154442041, 0.951423991872031, 0.80304456, 46578, True
"GO:0032012", "regulation of ARF protein signal transduction", 0.0462683429660809, null, null, 4.04801429093805, -1.65757731917779, 0.957570402253251, 0.90617048, 46578, True
"GO:0043170", "macromolecule metabolic process", 34.4366477094063, -1.90064637106302, 8.01241439157607, 6.9197123791267, -2.20760831050175, 0.878358394680048, 0.20144838, null, False
"GO:0031407", "oxylipin metabolic process", 0.0119565220093221, -7.84380004930121, -2.19588528605885, 3.46044678388072, -1.95860731484178, 0.786277919508907, 0.21605515, null, False
"GO:0046483", "heterocycle metabolic process", 21.6400578122282, -0.544170960844761, 6.46436023140497, 6.71794995894547, -9.65757731917779, 0.860063272795067, 0.22411849, null, False
"GO:0006725", "cellular aromatic compound metabolic process", 21.6625912575535, -0.939924902429456, 6.77817833962804, 6.71840194745814, -2.69897000433602, 0.860037163614803, 0.22419979, null, False
"GO:0065008", "regulation of biological quality", 2.86632550392432, -0.167193740203892, -6.27846048852951, 5.84001759480158, -4.52287874528034, 0.964229028729901, 0.2338976, null, False
"GO:0043603", "cellular amide metabolic process", 6.91360820407985, -5.59622533888096, 5.52372331713874, 6.22239648370496, -2.79588001734407, 0.800308319435285, 0.24760534, null, False
"GO:0008610", "lipid biosynthetic process", 2.75627661475813, -1.10182940989478, 4.00351650750707, 5.82301491231851, -5.04095860767891, 0.816820560499404, 0.25020786, null, False
"GO:0006631", "fatty acid metabolic process", 1.13046305546558, null, null, 5.43594942452188, -4.18708664335714, 0.66969374224776, 0.74043473, 8610, True
"GO:0006633", "fatty acid biosynthetic process", 0.773714576524931, null, null, 5.27127456349966, -4.1249387366083, 0.650251465256564, 0.74926018, 8610, True
"GO:0006090", "pyruvate metabolic process", 0.801521983221594, null, null, 5.28660914210589, -1.85387196432176, 0.69460709138896, 0.75210217, 8610, True
"GO:0044255", "cellular lipid metabolic process", 3.35566460323446, null, null, 5.90847054215464, -3, 0.863828472102014, 0.8557556, 8610, True
"GO:0051336", "regulation of hydrolase activity", 0.547700681273178, -0.248925176417057, -5.59373106208395, 5.1212380253644, -2.23657200643706, 0.965341468778941, 0.25415752, null, False
"GO:0044238", "primary metabolic process", 49.9247269409607, -0.709393550332908, 8.00234274260918, 7.08100719338263, -13.4559319556497, 0.903519857201801, 0.25654491, null, False
"GO:0006769", "nicotinamide metabolic process", 0.000207146950958457, -5.08098530384357, -2.53652666753509, 1.70757017609794, -3.1249387366083, 0.827654937445678, 0.26996817, null, False
"GO:0042592", "homeostatic process", 0.938781695865687, 0.348861882198072, -6.03764828262499, 5.35525798895439, -4.50863830616573, 0.950016438846731, 0.27081759, null, False
"GO:0019725", "cellular homeostasis", 0.616394753150022, null, null, 5.17255331139824, -4.88605664769316, 0.933722648571964, 0.70722331, 42592, True
"GO:0045454", "cell redox homeostasis", 0.183784917829362, null, null, 4.64701111749029, -4.49485002168009, 0.937580715651197, 0.81215962, 42592, True
"GO:0010646", "regulation of cell communication", 1.02438310187976, -0.806305490636287, -6.0750291136667, 5.39315562133306, -1.36653154442041, 0.964931715552021, 0.27372324, null, False
"GO:0016579", "protein deubiquitination", 0.253307577510039, -6.54766997710896, 6.26696176170766, 4.78634674370446, -1.65757731917779, 0.84119165124234, 0.28165151, null, False
"GO:0070646", "protein modification by small protein removal", 0.276126885627622, null, null, 4.82380666974724, -1.82390874094432, 0.839956959989143, 0.72032975, 16579, True
"GO:0051246", "regulation of protein metabolic process", 2.37716040805298, -0.474214597584865, -6.19900711539558, 5.75875070443242, -1.76955107862173, 0.963538110919448, 0.30532548, null, False
"GO:1902600", "proton transmembrane transport", 1.09990473726019, 4.91538680070104, 0.581448824117512, 5.42404816750182, -7.58502665202918, 0.88000095152758, 0.34636766, null, False
"GO:0034220", "ion transmembrane transport", 4.24096095636267, null, null, 6.01015615761184, -6.82390874094432, 0.865398760456242, 0.73240016, 1902600, True
"GO:0015985", "energy coupled proton transport, down electrochemical gradient", 0.42348294066143, null, null, 5.0095316279731, -6.95860731484177, 0.88960234358088, 0.74064502, 1902600, True
"GO:0098662", "inorganic cation transmembrane transport", 2.28227053275793, null, null, 5.741059370449, -4.67778070526608, 0.870741430320781, 0.8586971, 1902600, True
"GO:0016192", "vesicle-mediated transport", 1.41412180423006, 5.21493424594227, 0.588871945850372, 5.53317955015073, -6.61978875828839, 0.892080264632203, 0.35742833, null, False
"GO:0044267", "cellular protein metabolic process", 15.254359469727, -4.76125402413004, 4.73118444384003, 6.56608555342491, -17.8860566476932, 0.76245035383457, 0.35957169, null, False
"GO:0046356", "acetyl-CoA catabolic process", 0.00119730937653988, -4.33281661645019, 0.0302736350521065, 2.46239799789896, -6.44369749923271, 0.715484575911288, 0.36303786, null, False
"GO:0008380", "RNA splicing", 0.61620417795514, -5.09828441815884, 5.71176932528411, 5.17241901759395, -1.67778070526608, 0.793416821304605, 0.36430542, null, False
"GO:0046394", "carboxylic acid biosynthetic process", 4.36315694273306, -5.9737344913668, 0.190785893684752, 6.02249270634328, -16.0655015487564, 0.602595942831395, 0.36602868, null, False
"GO:0000097", "sulfur amino acid biosynthetic process", 0.492102439635928, null, null, 5.07475063346543, -2.29242982390206, 0.655220770606551, 0.70423473, 46394, True
"GO:0009073", "aromatic amino acid family biosynthetic process", 0.563137272058602, null, null, 5.13330892687932, -2.53760200210104, 0.633899696960407, 0.71565962, 46394, True
"GO:0009084", "glutamine family amino acid biosynthetic process", 0.604023937238782, null, null, 5.16374858778957, -2.76955107862173, 0.641805273652685, 0.72174615, 46394, True
"GO:0009067", "aspartate family amino acid biosynthetic process", 0.748131928081562, null, null, 5.25667205367826, -2.76955107862173, 0.634253013477467, 0.74098405, 46394, True
"GO:0019752", "carboxylic acid metabolic process", 8.84873359054356, null, null, 6.3295727824295, -33.2218487496164, 0.611433239534738, 0.7886373, 46394, True
"GO:0006558", "L-phenylalanine metabolic process", 0.099745399825516, null, null, 4.3816023727597, -1.88605664769316, 0.711206752102391, 0.80001058, 46394, True
"GO:0006525", "arginine metabolic process", 0.376170577062519, null, null, 4.95808106551587, -2.44369749923271, 0.683793042959086, 0.81421515, 46394, True
"GO:0016053", "organic acid biosynthetic process", 4.44882877871046, null, null, 6.03093755501849, -16.0655015487564, 0.609806954595147, 0.82350667, 46394, True
"GO:0006520", "cellular amino acid metabolic process", 5.69175191385139, null, null, 6.13793773749653, -27.5086383061657, 0.610585318729859, 0.82825843, 46394, True
"GO:0043436", "oxoacid metabolic process", 9.00042315979142, null, null, 6.3369545875492, -33.2218487496164, 0.612200871620682, 0.8958853, 46394, True
"GO:0008652", "cellular amino acid biosynthetic process", 3.02392704715253, null, null, 5.86326336365048, -12.8860566476932, 0.589869649567718, 0.89707222, 46394, True
"GO:0006555", "methionine metabolic process", 0.364620063077075, null, null, 4.94453695556776, -2.08092190762393, 0.669895585072122, 0.91759843, 46394, True
"GO:0051641", "cellular localization", 2.42716153907533, 5.31539223546447, 0.891632206954435, 5.76779088207517, -21.7212463990472, 0.887572917028697, 0.37044293, null, False
"GO:0046907", "intracellular transport", 1.89749921429162, 5.22553000372911, 1.33114276409558, 5.66087401209106, -25.9586073148418, 0.809602715171036, 0.37130207, null, False
"GO:0006839", "mitochondrial transport", 0.136402124267124, null, null, 4.51752578363382, -3.74472749489669, 0.848776200504805, 0.72155734, 46907, True
"GO:0006612", "protein targeting to membrane", 0.177446221130033, null, null, 4.63176835384286, -4.76955107862173, 0.819454625415333, 0.73998778, 46907, True
"GO:0065002", "intracellular protein transmembrane transport", 0.253063144107908, null, null, 4.78592746848013, -3.22184874961636, 0.818084926902908, 0.76640337, 46907, True
"GO:0006626", "protein targeting to mitochondrion", 0.102409309614842, null, null, 4.39304846641678, -3.76955107862173, 0.779425371184944, 0.77951698, 46907, True
"GO:0006913", "nucleocytoplasmic transport", 0.32216322400863, null, null, 4.89077300678336, -3.82390874094432, 0.833018778625653, 0.78547315, 46907, True
"GO:0051169", "nuclear transport", 0.322167366947649, null, null, 4.89077859159477, -3.82390874094432, 0.837521777138912, 0.78547419, 46907, True
"GO:0007006", "mitochondrial membrane organization", 0.0660674485386901, null, null, 4.20270622699036, -3.23657200643706, 0.934489437668238, 0.79478738, 46907, True
"GO:0033365", "protein localization to organelle", 0.626905389441654, null, null, 5.17989633262071, -7.30980391997149, 0.810927697443431, 0.80298551, 46907, True
"GO:0006605", "protein targeting", 0.562217539596347, null, null, 5.13259904964416, -8.0268721464003, 0.807639742796942, 0.83329638, 46907, True
"GO:0006614", "SRP-dependent cotranslational protein targeting to membrane", 0.138577167252188, null, null, 4.52439612210384, -2.21467016498923, 0.816128145142535, 0.87372288, 46907, True
"GO:0045039", "protein insertion into mitochondrial inner membrane", 0.0196126733167467, null, null, 3.67531998333929, -2.69897000433602, 0.801114236837338, 0.88552784, 46907, True
"GO:0070727", "cellular macromolecule localization", 1.56858714262076, null, null, 5.5782012570521, -23.7212463990472, 0.804124008011048, 0.893685, 46907, True
"GO:0006606", "protein import into nucleus", 0.0970400606459985, null, null, 4.3696610593783, -2.09691001300806, 0.822291002675195, 0.90241689, 46907, True
"GO:0051170", "import into nucleus", 0.103523760210998, null, null, 4.39774887704796, -2.09691001300806, 0.847708291627961, 0.90704507, 46907, True
"GO:0006886", "intracellular protein transport", 1.2333860895188, null, null, 5.47379196394218, -23.8860566476932, 0.795563499450568, 0.9116049, 46907, True
"GO:0051649", "establishment of localization in cell", 2.04442026072841, null, null, 5.69326251548493, -22.2596373105058, 0.812138320816514, 0.92382902, 46907, True
"GO:0034613", "cellular protein localization", 1.56105942242293, null, null, 5.57611204670552, -23.7212463990472, 0.793729439388192, 0.95610021, 46907, True
"GO:0006613", "cotranslational protein targeting to membrane", 0.138759456569032, null, null, 4.52496701598396, -2.21467016498923, 0.822175959824119, 0.9608222, 46907, True
"GO:0045047", "protein targeting to ER", 0.161396475369772, null, null, 4.5905966532564, -2.21467016498923, 0.816228706247085, 0.98589449, 46907, True
"GO:0033036", "macromolecule localization", 3.55456710554477, 4.87771548927663, 0.930270326388684, 5.93347868286114, -30.0705810742857, 0.899392502505342, 0.3907857, null, False
"GO:0006066", "alcohol metabolic process", 0.838062705370666, -6.96775843204553, -2.1678904682459, 5.30597012059405, -14.3665315444204, 0.74294177333712, 0.39310422, null, False
"GO:0046164", "alcohol catabolic process", 0.22682591129951, null, null, 4.73839205575902, -11.2757241303992, 0.717396519117332, 0.8003998, 6066, True
"GO:0007007", "inner mitochondrial membrane organization", 0.0334832331529249, 3.27370286986273, -4.34268366183156, 3.90757257879855, -2.69897000433602, 0.935857525136649, 0.4005137, null, False
"GO:0006108", "malate metabolic process", 0.0543843605046332, -7.87346351759873, -1.68655141932158, 4.11819856804504, -4.58502665202918, 0.759192993884523, 0.41513005, null, False
"GO:0019538", "protein metabolic process", 19.8225173210066, -5.54247215737797, 4.72460592173229, 6.67985035591103, -17.3279021420643, 0.786700175152385, 0.43922804, null, False
"GO:0044249", "cellular biosynthetic process", 22.7818683776673, -1.87092364090457, 5.21057137120608, 6.74028087650084, -12.7695510786217, 0.774155728642741, 0.46194975, null, False
"GO:0007265", "Ras protein signal transduction", 0.0572015590376682, -1.90395428674906, -6.49159079042001, 4.14013077837113, -1.88605664769316, 0.948964028953486, 0.4662952, null, False
"GO:0044260", "cellular macromolecule metabolic process", 25.5354976543922, -2.98574007436781, 6.71017573402044, 6.78983585571311, -1.67778070526608, 0.82173514457432, 0.46854268, null, False
"GO:0031408", "oxylipin biosynthetic process", 0.0117700897534595, -6.10654734541656, -0.864236702299712, 3.45362407359145, -1.95860731484178, 0.762225012974901, 0.48837764, null, False
"GO:0009117", "nucleotide metabolic process", 4.00640846379241, -5.664513769655, 0.891080553890219, 5.98544713289481, -10.8538719643218, 0.569923563826935, 0.48997145, null, False
"GO:0009199", "ribonucleoside triphosphate metabolic process", 0.582443367887931, null, null, 5.14794825271657, -6.48148606012211, 0.627045041707085, 0.73681886, 9117, True
"GO:0006220", "pyrimidine nucleotide metabolic process", 0.665202717734853, null, null, 5.20564817883848, -1.56863623584101, 0.632537962987658, 0.74871344, 9117, True
"GO:0009141", "nucleoside triphosphate metabolic process", 0.777265075264359, null, null, 5.27326292803375, -6.85387196432176, 0.63559537264629, 0.76315001, 9117, True
"GO:0009156", "ribonucleoside monophosphate biosynthetic process", 1.07791401694644, null, null, 5.41527724775563, -2.55284196865778, 0.591970394722413, 0.7953609, 9117, True
"GO:0009123", "nucleoside monophosphate metabolic process", 1.41141646505054, null, null, 5.53234791335875, -2.14266750356873, 0.614151084076062, 0.82403255, 9117, True
"GO:0006753", "nucleoside phosphate metabolic process", 4.03365657372149, null, null, 5.98839082472807, -10.8538719643218, 0.582167914724387, 0.87983729, 9117, True
"GO:0009126", "purine nucleoside monophosphate metabolic process", 0.744291423610792, null, null, 5.25443689122388, -2.44369749923271, 0.627597255910285, 0.89080784, 9117, True
"GO:0006163", "purine nucleotide metabolic process", 2.4805598800934, null, null, 5.77724189973122, -9.43179827593301, 0.578969389233081, 0.89123919, 9117, True
"GO:0009152", "purine ribonucleotide biosynthetic process", 1.62107817999363, null, null, 5.59249652918436, -8.20760831050175, 0.570286691994964, 0.90599669, 9117, True
"GO:0009259", "ribonucleotide metabolic process", 2.80780649027855, null, null, 5.83105927351371, -8.34678748622466, 0.581650358615871, 0.90750444, 9117, True
"GO:0015986", "ATP synthesis coupled proton transport", 0.42348294066143, null, null, 5.0095316279731, -6.95860731484177, 0.513754150808355, 0.90845299, 9117, True
"GO:0009165", "nucleotide biosynthetic process", 2.94479276894738, null, null, 5.85174680813891, -8.44369749923271, 0.558459831075985, 0.91391593, 9117, True
"GO:0009144", "purine nucleoside triphosphate metabolic process", 0.533067820657473, null, null, 5.10947730095874, -6.48148606012211, 0.629966741653275, 0.9285944, 9117, True
"GO:0009161", "ribonucleoside monophosphate metabolic process", 1.13151121903743, null, null, 5.43635191364442, -2.55284196865778, 0.612679593402132, 0.9322136, 9117, True
"GO:0009168", "purine ribonucleoside monophosphate biosynthetic process", 0.691282518860523, null, null, 5.2223496364923, -2.44369749923271, 0.607181437888263, 0.93237878, 9117, True
"GO:0009260", "ribonucleotide biosynthetic process", 2.04304066203503, null, null, 5.69296935015844, -8.34678748622466, 0.570619203597309, 0.944378, 9117, True
"GO:0009124", "nucleoside monophosphate biosynthetic process", 1.21674804641782, null, null, 5.46789359549249, -2.14266750356873, 0.588091573535848, 0.94491706, 9117, True
"GO:0009142", "nucleoside triphosphate biosynthetic process", 0.661337355629968, null, null, 5.20311723426784, -6.48148606012211, 0.602926804766611, 0.94829258, 9117, True
"GO:0009150", "purine ribonucleotide metabolic process", 2.38355296295956, null, null, 5.75991702046173, -8.20760831050175, 0.578792343802207, 0.9529831, 9117, True
"GO:0009205", "purine ribonucleoside triphosphate metabolic process", 0.485009728035111, null, null, 5.06844561835435, -6.48148606012211, 0.630698705035978, 0.96475367, 9117, True
"GO:0006164", "purine nucleotide biosynthetic process", 1.69512078614422, null, null, 5.61189316993653, -8.72124639904717, 0.569816700858991, 0.96970767, 9117, True
"GO:0009201", "ribonucleoside triphosphate biosynthetic process", 0.575648947896493, null, null, 5.14285229997834, -6.48148606012211, 0.606119388024352, 0.97570723, 9117, True
"GO:0009145", "purine nucleoside triphosphate biosynthetic process", 0.478679317213821, null, null, 5.06273988078758, -6.48148606012211, 0.612007233818759, 0.97583072, 9117, True
"GO:0009206", "purine ribonucleoside triphosphate biosynthetic process", 0.478517742592073, null, null, 5.06259326445782, -6.48148606012211, 0.611582403396503, 0.98389913, 9117, True
"GO:0009167", "purine ribonucleoside monophosphate metabolic process", 0.743425549355785, null, null, 5.25393136179068, -2.44369749923271, 0.625497222350215, 0.98501463, 9117, True
"GO:0009127", "purine nucleoside monophosphate biosynthetic process", 0.692140107237491, null, null, 5.22288807458031, -2.44369749923271, 0.607242725708952, 0.9851383, 9117, True
"GO:0006754", "ATP biosynthetic process", 0.429332770556497, null, null, 5.01548968895236, -5.44369749923271, 0.585137896637394, 0.98514978, 9117, True
"GO:0007005", "mitochondrion organization", 0.346486418990172, 3.02176474297314, -4.32506550188385, 4.92238286847419, -3.92081875395238, 0.934769435750255, 0.49642173, null, False
"GO:0009081", "branched-chain amino acid metabolic process", 0.470811876016418, -7.61462382784688, -0.229487081854976, 5.05554268990701, -3.92081875395238, 0.685779095515827, 0.52066158, null, False
"GO:0032011", "ARF protein signal transduction", 2.07146950958457E-05, -2.74121266572973, -6.71635984313055, 0.778151250383644, -1.65757731917779, 0.967011814796875, 0.520701, null, False
"GO:0006213", "pyrimidine nucleoside metabolic process", 0.0513102997524097, -7.02998068572425, 1.30018152679306, 4.09293107567355, -2.69897000433602, 0.71074789428721, 0.52402071, null, False
"GO:0009116", "nucleoside metabolic process", 0.759533296262315, null, null, 5.26324064514753, -1.60205999132796, 0.640941257078024, 0.76457526, 6213, True
"GO:0006413", "translational initiation", 0.515302898143276, -4.84386235460003, 3.96509938086527, 5.09475753577048, -6.20760831050175, 0.752191310906216, 0.52705469, null, False
"GO:0035556", "intracellular signal transduction", 3.8499959440627, -1.29936986587736, -6.3196035620994, 5.96815219845331, -2.34678748622466, 0.930647043730038, 0.52892519, null, False
"GO:0046470", "phosphatidylcholine metabolic process", 0.0452160364552119, -1.25599573938342, -0.369781215003958, 4.03802374004516, -1.85387196432176, 0.788799177882113, 0.52937849, null, False
"GO:0000096", "sulfur amino acid metabolic process", 0.643269998567372, -7.46936097491927, 0.0182245237288023, 5.19108755300455, -2.44369749923271, 0.68020556077662, 0.5294023, null, False
"GO:0044272", "sulfur compound biosynthetic process", 1.31830805353373, null, null, 5.50270972913814, -1.4089353929735, 0.819617002757711, 0.76873261, 96, True
"GO:0006810", "transport", 17.9971715326728, 5.10150491938047, 0.973753656561334, 6.63789581508193, -14.9586073148418, 0.872346811860939, 0.53740622, null, False
"GO:0055085", "transmembrane transport", 13.3208746871149, null, null, 6.50722433700194, -3.35654732351381, 0.856838457357098, 0.74941166, 6810, True
"GO:0051234", "establishment of localization", 18.1310257494432, null, null, 6.64111393304831, -14.8239087409443, 0.874712883688267, 0.79325567, 6810, True
"GO:0009888", "tissue development", 0.505819710728397, 4.77410580495258, -2.5669268360146, 5.0866907651036, -1.39794000867204, 0.989658039708885, 0.53889688, null, False
"GO:0019438", "aromatic compound biosynthetic process", 8.54051964221247, -3.06491830936055, 3.97406880340943, 6.31417596565404, -1.72124639904717, 0.745162321244728, 0.54070422, null, False
"GO:0009069", "serine family amino acid metabolic process", 0.645735047283777, -7.36224038074519, -0.293652879028105, 5.19274860387788, -4.48148606012211, 0.669677556987884, 0.54078425, null, False
"GO:0006950", "response to stress", 4.77198630808369, -3.23083713875711, -6.73089126252732, 6.06139102508618, -1.45593195564972, 0.987810486183453, 0.54408262, null, False
"GO:0018130", "heterocycle biosynthetic process", 8.87451924299887, -2.86073400006557, 4.06357627207142, 6.33083649731805, -1.58502665202918, 0.746110999666565, 0.54602123, null, False
"GO:0006508", "proteolysis", 5.78607420650082, -6.29900969121406, 4.96354108011568, 6.14507576927552, -1.38721614328026, 0.810037894048839, 0.54864603, null, False
"GO:0008361", "regulation of cell size", 0.0384506170369087, 1.60034718422585, -5.26671390084295, 3.96764156408301, -1.92081875395238, 0.909864085350684, 0.55064679, null, False
"GO:0032535", "regulation of cellular component size", 0.174794740157765, null, null, 4.62523011244936, -1.55284196865778, 0.899126986695487, 0.85783666, 8361, True
"GO:0009072", "aromatic amino acid family metabolic process", 0.764869401719005, -7.17323295647972, 0.459179610124324, 5.26628109899437, -4.20760831050175, 0.66611033616745, 0.55222224, null, False
"GO:0006082", "organic acid metabolic process", 9.21341579770592, -6.39625425002209, -0.366887803317176, 6.34711232555538, -33.1426675035687, 0.655300188032863, 0.56393727, null, False
"GO:0006418", "tRNA aminoacylation for protein translation", 1.01422047246574, -5.85103415360737, 1.81802110814499, 5.38882560587175, -8.1249387366083, 0.599448362661242, 0.57239838, null, False
"GO:0006412", "translation", 5.23809594831336, null, null, 6.10186525193377, -44.4202164033832, 0.681767126816067, 0.73440017, 6418, True
"GO:0034645", "cellular macromolecule biosynthetic process", 10.8740134730034, null, null, 6.41908149135536, -1.38721614328026, 0.754997757094499, 0.75612076, 6418, True
"GO:0006399", "tRNA metabolic process", 2.64120234056168, null, null, 5.8044938138172, -5.60205999132796, 0.760606337816565, 0.75850661, 6418, True
"GO:0043039", "tRNA aminoacylation", 1.04049499172531, null, null, 5.39993318249557, -8.1249387366083, 0.635182787713651, 0.98671456, 6418, True
"GO:0006563", "L-serine metabolic process", 0.251111819829879, -7.68845894210864, -0.46475443182485, 4.78256577965763, -3.92081875395238, 0.689749127645155, 0.57661456, null, False
"GO:0006564", "L-serine biosynthetic process", 0.0873372974631044, null, null, 4.32391180899601, -2.88605664769316, 0.691262761834638, 0.76898043, 6563, True
"GO:0006544", "glycine metabolic process", 0.220375355246664, null, null, 4.72586264895211, -2.09691001300806, 0.693101927650085, 0.82777892, 6563, True
"GO:0009070", "serine family amino acid biosynthetic process", 0.352700827518926, null, null, 4.93010303909091, -2.72124639904717, 0.65417431620912, 0.86123975, 6563, True
"GO:0043648", "dicarboxylic acid metabolic process", 1.09176800502655, -7.34267384804752, -1.40705566959116, 5.42082347002099, -7.33724216831843, 0.691126311263629, 0.57791169, null, False
"GO:0009059", "macromolecule biosynthetic process", 11.1039548744453, -3.55073718696526, 6.16672120072026, 6.42816930934551, -1.36653154442041, 0.792353169964248, 0.57930115, null, False
"GO:0044275", "cellular carbohydrate catabolic process", 0.267534430101866, 1.02836700587574, 1.00926772576449, 4.81007786549209, -13.8860566476932, 0.809466492606752, 0.57948006, null, False
"GO:0034637", "cellular carbohydrate biosynthetic process", 0.536763322262572, null, null, 5.11247764343091, -1.85387196432176, 0.803626510182836, 0.73436328, 44275, True
"GO:0006096", "glycolytic process", 0.523037765292064, null, null, 5.10122794682078, -12.7958800173441, 0.494411832124143, 0.75150392, 44275, True
"GO:0055086", "nucleobase-containing small molecule metabolic process", 5.08362646698363, -6.23605885265511, 1.26591885505937, 6.08886544517069, -11.5850266520292, 0.652469200806146, 0.58000579, null, False
"GO:0019318", "hexose metabolic process", 0.699046386582446, -5.61115610796693, -1.60291853138508, 5.22720002815135, -16.7447274948967, 0.708726091355354, 0.58237086, null, False
"GO:0019320", "hexose catabolic process", 0.0610834928986297, null, null, 4.16864477688782, -14.698970004336, 0.720669305021568, 0.74944348, 19318, True
"GO:0046365", "monosaccharide catabolic process", 0.158148411178743, null, null, 4.58176766916866, -11.7958800173441, 0.701609817333611, 0.81191301, 19318, True
"GO:0006007", "glucose catabolic process", 0.0269539612587144, null, null, 3.81338080673386, -14.698970004336, 0.736538916807085, 0.82450791, 19318, True
"GO:0006006", "glucose metabolic process", 0.410126105263629, null, null, 4.9956132599789, -16.7447274948967, 0.72171064749685, 0.88588255, 19318, True
"GO:0043038", "amino acid activation", 1.04102943085878, -7.12745810068236, -0.0512841246950254, 5.40015619505813, -8.1249387366083, 0.66157905847819, 0.59043575, null, False
"GO:0034660", "ncRNA metabolic process", 3.89396909881216, -4.68521406108574, 5.35919483632759, 5.97308442197989, -4.76955107862173, 0.752286184853384, 0.59057278, null, False
"GO:0005996", "monosaccharide metabolic process", 0.931096543985128, -5.63528563781322, -1.46362782299073, 5.35168810618202, -14.2076083105017, 0.710596659270813, 0.60126342, null, False
"GO:0044085", "cellular component biogenesis", 4.96569770780298, 3.00149072943186, -4.64526297933547, 6.07867209934627, -3.69897000433602, 0.923694938820257, 0.61579566, null, False
"GO:0016043", "cellular component organization", 7.32658050844965, null, null, 6.24759303094499, -1.31875876262441, 0.920234281951782, 0.77804488, 44085, True
"GO:0016051", "carbohydrate biosynthetic process", 1.19801781911216, -0.602033857906091, 2.49064109703423, 5.4611562387117, -1.85387196432176, 0.806562291726717, 0.61891909, null, False
"GO:0044271", "cellular nitrogen compound biosynthetic process", 14.0507983982072, -3.87629503756652, 4.25327284646874, 6.5303925897232, -11.431798275933, 0.728608969009749, 0.61891961, null, False
"GO:0006098", "pentose-phosphate shunt", 0.207917537616022, 0.429584164093723, -0.564242033539108, 4.70059123588158, -3.01322826573376, 0.75770509536562, 0.62468616, null, False
"GO:0006740", "NADPH regeneration", 0.213353073609172, null, null, 4.71179879605676, -3.01322826573376, 0.868500061236331, 0.95452864, 6098, True
"GO:0090066", "regulation of anatomical structure size", 0.222115389634715, 0.592169486406415, -5.97922308232569, 4.72927821000693, -1.55284196865778, 0.955383580226514, 0.64024879, null, False
"GO:0006084", "acetyl-CoA metabolic process", 0.196002444996892, -5.84099590838389, 1.0346832751568, 4.67496212771232, -6.44369749923271, 0.644028960638207, 0.65191971, null, False
"GO:0030243", "cellulose metabolic process", 0.132926198430042, 0.285719931212542, 2.29911404887135, 4.50631557916451, -2.08618614761628, 0.851039504336177, 0.65266942, null, False
"GO:0030244", "cellulose biosynthetic process", 0.0362962887469408, null, null, 3.94260324884216, -1.85387196432176, 0.823628916929007, 0.88966134, 30243, True
"GO:0032787", "monocarboxylic acid metabolic process", 2.73490319235823, -7.10272734426221, -1.08700637658903, 5.81963407519288, -4.45593195564972, 0.660222647579634, 0.65675452, null, False
"GO:0022607", "cellular component assembly", 2.62420386176603, 2.94937570093068, -4.50915896599896, 5.80168971503071, -3.92081875395238, 0.922042795839082, 0.65779169, null, False
"GO:0065003", "protein-containing complex assembly", 1.39938951307789, null, null, 5.52863135988939, -4.25963731050576, 0.922922726880703, 0.72153888, 22607, True
"GO:0051258", "protein polymerization", 0.12086610294524, null, null, 4.46501086471741, -3.3767507096021, 0.937485848609867, 0.73268563, 22607, True
"GO:0034622", "cellular protein-containing complex assembly", 1.16247968820572, null, null, 5.44807838018218, -3.69897000433602, 0.923999189462297, 0.92280197, 22607, True
"GO:0009112", "nucleobase metabolic process", 0.477117429203594, -6.74293415170668, 1.3238339210407, 5.06132051193087, -1.56863623584101, 0.660519992065738, 0.66048869, null, False
"GO:0042439", "ethanolamine-containing compound metabolic process", 0.00443708768953014, -6.6880485776023, -2.5076419026359, 3.03019478535675, -1.85387196432176, 0.783929287799842, 0.66637399, null, False
"GO:0046417", "chorismate metabolic process", 0.276657181822076, -7.63839729009351, -1.57773315426921, 4.82463991130814, -2.85387196432176, 0.725587573050035, 0.66652557, null, False
"GO:0043087", "regulation of GTPase activity", 0.15656995141244, -0.136734306184621, -5.37253437339599, 4.5774113674855, -2.3767507096021, 0.968363498906208, 0.66687562, null, False
"GO:0070585", "protein localization to mitochondrion", 0.108681719289864, 5.13248144818264, 1.59029718020379, 4.41886451420773, -3.76955107862173, 0.82967361279062, 0.67256456, null, False
"GO:0070972", "protein localization to endoplasmic reticulum", 0.195505292314591, null, null, 4.67385918034953, -2.21467016498923, 0.821483096187091, 0.77176453, 70585, True
"GO:0034504", "protein localization to nucleus", 0.110500469519279, null, null, 4.42607186496521, -2.09691001300806, 0.829452411687497, 0.77274637, 70585, True
"GO:0009064", "glutamine family amino acid metabolic process", 1.21963567491418, -7.21073112322692, 0.120751364149688, 5.46892305356431, -4.06048074738138, 0.649118851537207, 0.67305567, null, False
"GO:0006122", "mitochondrial electron transport, ubiquinol to cytochrome c", 0.0328783640561262, 3.65441637961712, 3.38041679778154, 3.89965638030564, -2.52287874528034, 0.867244457091469, 0.67795825, null, False
"GO:0000902", "cell morphogenesis", 0.322569232032508, 4.66064021703078, -2.62753399713272, 4.89131997723589, -1.31875876262441, 0.988739061311158, 0.67944165, null, False
"GO:0046395", "carboxylic acid catabolic process", 1.07366336151278, -6.62527686472779, -1.34802657590909, 5.41356126811179, -2.44369749923271, 0.633027514856751, 0.68428476, null, False
"GO:0016054", "organic acid catabolic process", 1.15934348336821, null, null, 5.44690513629402, -2.44369749923271, 0.632976853994962, 0.88776651, 46395, True
"GO:0009063", "cellular amino acid catabolic process", 0.717946474387895, null, null, 5.23878603239807, -1.82390874094432, 0.616376704814916, 0.93038022, 46395, True
"GO:0009082", "branched-chain amino acid biosynthetic process", 0.428280464045628, -6.41554659382237, 0.633999513248299, 5.01442392479095, -3.07058107428571, 0.661500598254047, 0.6928401, null, False
"GO:0009066", "aspartate family amino acid metabolic process", 0.881841141986226, -7.28951978421976, -0.103352383468723, 5.32808385628391, -3.24412514432751, 0.65991370205773, 0.69600929, null, False
"GO:0046496", "nicotinamide nucleotide metabolic process", 0.368232705901791, -5.77373310882307, 0.701713197517742, 4.94881870459008, -3.1249387366083, 0.64778385992191, 0.69852102, null, False
"GO:0019362", "pyridine nucleotide metabolic process", 0.371580200629279, null, null, 4.95274886616074, -2.92081875395238, 0.647510501465634, 0.94020341, 46496, True
